,Id,SalePrice
0,1461,126784.0
1,1462,155496.74
2,1463,180477.8
3,1464,179059.64
4,1465,203548.72
5,1466,186376.34
6,1467,167913.34
7,1468,176875.7
8,1469,181912.32
9,1470,121886.0
10,1471,199662.52
11,1472,97942.0
12,1473,98180.8
13,1474,154888.0
14,1475,141268.8
15,1476,404144.88
16,1477,250469.56
17,1478,307846.82
18,1479,238057.9
19,1480,436587.28
20,1481,305753.6
21,1482,204968.42
22,1483,176215.3
23,1484,179446.22
24,1485,174181.6
25,1486,200533.7
26,1487,338057.46
27,1488,238019.26
28,1489,217068.72
29,1490,199699.8
30,1491,192197.8
31,1492,100037.08
32,1493,177169.7
33,1494,296879.96
34,1495,307423.96
35,1496,226751.54
36,1497,196285.62
37,1498,155871.26
38,1499,155678.9
39,1500,155889.6
40,1501,176076.0
41,1502,167616.08
42,1503,300165.04
43,1504,226404.84
44,1505,220046.8
45,1506,178309.0
46,1507,212730.92
47,1508,208239.96
48,1509,165639.0
49,1510,149341.0
50,1511,152990.74
51,1512,171022.0
52,1513,149205.7
53,1514,161157.0
54,1515,174229.48
55,1516,156275.7
56,1517,156931.0
57,1518,130864.58
58,1519,227720.32
59,1520,136399.0
60,1521,149201.0
61,1522,160704.0
62,1523,116759.56
63,1524,120763.2
64,1525,121890.3
65,1526,127673.18
66,1527,98431.38
67,1528,127184.0
68,1529,143584.0
69,1530,166052.0
70,1531,134420.68
71,1532,108087.0
72,1533,147757.6
73,1534,120564.04
74,1535,154099.0
75,1536,115648.38
76,1537,78484.22
77,1538,188931.24
78,1539,240838.4
79,1540,112830.8
80,1541,155364.54
81,1542,138651.0
82,1543,218514.3
83,1544,80883.0
84,1545,105987.0
85,1546,125276.0
86,1547,141956.42
87,1548,135353.92
88,1549,119186.0
89,1550,142365.7
90,1551,116010.4
91,1552,156885.86
92,1553,138439.5
93,1554,114675.68
94,1555,165714.48
95,1556,100392.0
96,1557,126821.54
97,1558,96959.0
98,1559,115360.42
99,1560,154191.74
100,1561,143769.0
101,1562,127875.0
102,1563,123637.0
103,1564,171406.02
104,1565,162625.84
105,1566,211737.08
106,1567,82835.86
107,1568,223945.88
108,1569,150899.02
109,1570,126168.5
110,1571,134803.84
111,1572,143648.7
112,1573,238568.08
113,1574,119439.28
114,1575,212950.8
115,1576,221873.0
116,1577,212990.2
117,1578,155559.74
118,1579,142267.4
119,1580,191214.7
120,1581,140641.5
121,1582,131085.0
122,1583,335284.62
123,1584,247363.6
124,1585,140798.0
125,1586,73447.86
126,1587,105219.12
127,1588,150812.42
128,1589,102266.5
129,1590,136142.6
130,1591,105068.16
131,1592,123174.02
132,1593,116389.0
133,1594,143227.06
134,1595,118536.64
135,1596,224848.92
136,1597,164186.22
137,1598,185792.4
138,1599,209498.38
139,1600,199992.72
140,1601,77734.44
141,1602,114552.0
142,1603,95512.26
143,1604,285375.58
144,1605,251401.2
145,1606,168861.8
146,1607,156894.4
147,1608,215912.16
148,1609,203607.44
149,1610,159838.58
150,1611,151132.64
151,1612,157946.9
152,1613,172815.2
153,1614,120845.66
154,1615,87927.0
155,1616,84128.0
156,1617,87572.0
157,1618,126467.0
158,1619,134575.0
159,1620,146755.84
160,1621,135941.66
161,1622,157036.16
162,1623,299917.78
163,1624,218186.0
164,1625,129994.0
165,1626,172633.0
166,1627,187852.64
167,1628,283705.04
168,1629,177711.0
169,1630,331858.4
170,1631,219498.0
171,1632,245400.54
172,1633,170794.4
173,1634,181877.8
174,1635,180308.14
175,1636,162669.22
176,1637,177418.0
177,1638,209696.0
178,1639,180488.0
179,1640,258527.9
180,1641,178493.0
181,1642,225018.06
182,1643,226767.44
183,1644,220288.48
184,1645,177090.0
185,1646,147406.5
186,1647,160526.02
187,1648,138952.16
188,1649,135023.0
189,1650,121869.16
190,1651,121461.0
191,1652,94416.0
192,1653,99082.22
193,1654,156747.0
194,1655,154815.62
195,1656,148750.0
196,1657,149962.0
197,1658,154887.0
198,1659,139752.0
199,1660,144658.0
200,1661,435645.08
201,1662,403195.04
202,1663,366894.46
203,1664,440250.14
204,1665,317226.18
205,1666,345931.46
206,1667,368541.36
207,1668,331052.74
208,1669,307059.7
209,1670,348807.08
210,1671,268595.32
211,1672,430204.14
212,1673,301506.72
213,1674,247334.72
214,1675,187798.04
215,1676,192040.02
216,1677,214747.68
217,1678,443804.78
218,1679,371270.88
219,1680,330318.38
220,1681,272001.94
221,1682,310092.5
222,1683,191664.28
223,1684,168410.32
224,1685,173329.4
225,1686,167505.12
226,1687,169468.6
227,1688,183530.4
228,1689,187641.5
229,1690,183833.4
230,1691,177322.14
231,1692,261047.54
232,1693,170179.66
233,1694,182956.0
234,1695,168548.7
235,1696,281030.3
236,1697,171444.7
237,1698,345839.54
238,1699,309412.66
239,1700,244125.28
240,1701,266379.26
241,1702,255718.96
242,1703,246855.3
243,1704,297375.48
244,1705,241613.62
245,1706,421664.8
246,1707,224070.58
247,1708,226056.78
248,1709,297128.08
249,1710,230570.32
250,1711,264933.24
251,1712,241231.04
252,1713,241711.72
253,1714,221500.8
254,1715,200235.7
255,1716,181386.02
256,1717,167023.4
257,1718,139670.84
258,1719,203313.3
259,1720,252804.34
260,1721,165302.7
261,1722,121056.0
262,1723,155842.0
263,1724,216322.58
264,1725,234482.98
265,1726,190897.5
266,1727,173617.52
267,1728,187126.18
268,1729,161725.6
269,1730,161426.12
270,1731,119374.58
271,1732,136672.0
272,1733,128526.0
273,1734,129819.0
274,1735,129960.0
275,1736,115573.32
276,1737,377549.66
277,1738,215494.5
278,1739,274145.88
279,1740,191908.7
280,1741,177069.92
281,1742,176902.0
282,1743,170986.0
283,1744,312366.44
284,1745,234638.98
285,1746,269195.82
286,1747,214624.0
287,1748,200173.4
288,1749,160548.64
289,1750,150865.0
290,1751,231681.0
291,1752,125584.0
292,1753,144905.86
293,1754,215986.94
294,1755,167338.0
295,1756,120387.66
296,1757,120589.16
297,1758,150593.0
298,1759,169224.0
299,1760,158230.8
300,1761,156494.74
301,1762,171487.0
302,1763,166134.0
303,1764,117356.52
304,1765,173733.0
305,1766,179404.68
306,1767,197106.0
307,1768,136925.0
308,1769,167194.66
309,1770,142505.0
310,1771,136797.0
311,1772,141371.32
312,1773,141761.5
313,1774,133402.4
314,1775,128553.0
315,1776,120182.38
316,1777,120670.0
317,1778,127177.0
318,1779,121894.18
319,1780,175328.68
320,1781,131611.0
321,1782,97427.88
322,1783,129230.0
323,1784,91740.52
324,1785,111839.4
325,1786,155232.68
326,1787,166604.0
327,1788,61378.08
328,1789,99340.86
329,1790,83725.48
330,1791,179026.12
331,1792,151692.0
332,1793,133707.36
333,1794,143476.0
334,1795,133797.5
335,1796,121447.52
336,1797,120039.94
337,1798,123992.0
338,1799,114658.32
339,1800,129226.18
340,1801,129396.86
341,1802,149506.82
342,1803,145045.0
343,1804,141181.8
344,1805,135636.0
345,1806,116039.68
346,1807,144188.0
347,1808,121060.0
348,1809,127870.66
349,1810,151479.1
350,1811,116947.16
351,1812,114295.4
352,1813,121326.0
353,1814,102496.52
354,1815,63504.1
355,1816,104385.52
356,1817,125480.06
357,1818,140697.4
358,1819,118013.76
359,1820,77624.16
360,1821,124931.0
361,1822,146239.08
362,1823,66685.96
363,1824,135198.0
364,1825,137678.04
365,1826,104872.0
366,1827,110687.72
367,1828,141473.8
368,1829,111874.02
369,1830,143607.0
370,1831,178736.0
371,1832,110919.36
372,1833,142844.0
373,1834,133964.84
374,1835,180981.48
375,1836,127684.0
376,1837,104833.0
377,1838,134563.0
378,1839,76253.86
379,1840,166379.18
380,1841,144938.1
381,1842,93517.86
382,1843,138929.66
383,1844,142694.74
384,1845,148725.18
385,1846,147447.0
386,1847,152805.74
387,1848,61975.86
388,1849,118844.46
389,1850,124753.5
390,1851,153992.68
391,1852,122457.7
392,1853,141594.1
393,1854,177809.2
394,1855,148802.96
395,1856,218994.0
396,1857,161717.06
397,1858,140118.58
398,1859,120213.38
399,1860,156452.76
400,1861,120213.38
401,1862,270509.74
402,1863,263807.5
403,1864,263807.5
404,1865,344856.04
405,1866,336144.64
406,1867,246432.1
407,1868,317508.0
408,1869,194727.88
409,1870,248424.4
410,1871,258253.2
411,1872,173079.06
412,1873,227485.56
413,1874,136025.0
414,1875,203718.0
415,1876,190263.56
416,1877,205634.42
417,1878,213805.32
418,1879,129933.0
419,1880,136268.2
420,1881,249005.84
421,1882,256100.04
422,1883,198156.1
423,1884,214611.6
424,1885,266197.22
425,1886,303090.08
426,1887,201657.64
427,1888,280169.22
428,1889,163022.28
429,1890,133701.76
430,1891,141501.0
431,1892,109649.42
432,1893,139890.5
433,1894,128705.48
434,1895,146892.0
435,1896,123101.66
436,1897,117786.0
437,1898,106807.08
438,1899,125310.0
439,1900,140804.04
440,1901,157316.0
441,1902,134719.72
442,1903,224816.74
443,1904,131280.0
444,1905,173834.0
445,1906,150280.68
446,1907,199141.0
447,1908,114337.86
448,1909,136179.32
449,1910,125830.66
450,1911,191090.06
451,1912,254340.64
452,1913,148157.96
453,1914,60099.6
454,1915,339288.5
455,1916,74243.72
456,1917,257419.8
457,1918,133142.0
458,1919,160237.0
459,1920,147966.36
460,1921,412360.32
461,1922,323769.28
462,1923,204222.4
463,1924,233437.88
464,1925,225996.16
465,1926,386600.32
466,1927,139504.5
467,1928,159607.0
468,1929,123134.64
469,1930,124910.0
470,1931,139062.4
471,1932,134246.46
472,1933,165741.0
473,1934,183026.0
474,1935,175716.44
475,1936,190604.8
476,1937,183526.1
477,1938,171052.64
478,1939,243019.3
479,1940,201036.96
480,1941,178703.7
481,1942,194302.6
482,1943,194447.12
483,1944,312492.76
484,1945,364933.52
485,1946,156664.0
486,1947,313833.86
487,1948,169266.4
488,1949,237205.3
489,1950,177028.9
490,1951,271295.02
491,1952,234991.48
492,1953,162953.0
493,1954,199024.0
494,1955,129114.0
495,1956,282131.78
496,1957,161220.8
497,1958,308554.0
498,1959,137999.22
499,1960,116136.6
500,1961,124102.0
501,1962,91902.0
502,1963,102730.0
503,1964,108255.32
504,1965,154061.0
505,1966,153119.8
506,1967,283770.48
507,1968,378523.04
508,1969,378125.14
509,1970,416360.82
510,1971,408625.86
511,1972,375847.66
512,1973,268123.68
513,1974,315438.6
514,1975,451087.92
515,1976,274897.76
516,1977,365139.64
517,1978,351318.22
518,1979,330419.42
519,1980,194370.96
520,1981,342419.46
521,1982,230257.82
522,1983,220015.54
523,1984,167484.0
524,1985,207695.68
525,1986,220165.68
526,1987,181407.52
527,1988,180164.0
528,1989,187125.08
529,1990,219316.5
530,1991,218868.28
531,1992,215328.5
532,1993,171333.22
533,1994,250651.78
534,1995,181255.7
535,1996,250958.7
536,1997,322905.96
537,1998,342482.64
538,1999,258243.28
539,2000,302398.74
540,2001,263281.0
541,2002,235513.56
542,2003,247339.76
543,2004,251218.0
544,2005,228279.0
545,2006,218271.58
546,2007,242611.0
547,2008,212427.1
548,2009,193185.8
549,2010,190948.0
550,2011,144226.28
551,2012,181511.14
552,2013,182275.0
553,2014,188020.0
554,2015,197799.7
555,2016,192741.0
556,2017,204628.82
557,2018,125468.0
558,2019,134862.0
559,2020,122207.0
560,2021,115224.6
561,2022,176764.7
562,2023,150671.84
563,2024,228349.88
564,2025,322975.78
565,2026,187227.9
566,2027,152271.62
567,2028,150536.76
568,2029,172164.0
569,2030,287169.02
570,2031,264055.0
571,2032,281366.44
572,2033,278219.6
573,2034,164179.46
574,2035,202385.26
575,2036,188792.0
576,2037,194722.22
577,2038,319830.84
578,2039,207686.36
579,2040,374088.7
580,2041,282232.16
581,2042,201319.6
582,2043,166099.0
583,2044,170321.0
584,2045,233421.16
585,2046,137340.66
586,2047,151891.18
587,2048,135592.0
588,2049,135911.46
589,2050,176954.7
590,2051,111754.5
591,2052,134391.0
592,2053,144517.0
593,2054,81854.0
594,2055,156736.28
595,2056,129840.66
596,2057,122655.2
597,2058,211146.8
598,2059,131552.54
599,2060,166280.0
600,2061,178493.0
601,2062,137089.0
602,2063,113238.0
603,2064,136263.0
604,2065,119250.36
605,2066,186058.64
606,2067,136793.66
607,2068,135905.46
608,2069,85438.86
609,2070,113093.08
610,2071,90752.1
611,2072,138227.16
612,2073,133871.0
613,2074,184305.82
614,2075,146955.5
615,2076,122888.0
616,2077,148157.0
617,2078,128355.0
618,2079,130595.0
619,2080,114040.0
620,2081,117085.66
621,2082,131024.1
622,2083,143606.38
623,2084,111432.0
624,2085,125040.0
625,2086,115058.54
626,2087,123880.0
627,2088,111749.24
628,2089,95416.0
629,2090,133116.5
630,2091,131006.82
631,2092,136436.0
632,2093,136277.42
633,2094,143614.18
634,2095,155760.0
635,2096,91475.16
636,2097,100762.16
637,2098,141272.68
638,2099,60202.76
639,2100,109465.8
640,2101,129085.8
641,2102,144604.88
642,2103,106694.0
643,2104,132421.86
644,2105,130969.48
645,2106,80402.52
646,2107,247459.74
647,2108,119605.1
648,2109,114457.0
649,2110,122968.8
650,2111,150332.04
651,2112,136204.54
652,2113,118809.0
653,2114,107998.16
654,2115,147847.0
655,2116,114481.0
656,2117,143406.36
657,2118,116219.0
658,2119,112136.6
659,2120,108772.68
660,2121,118070.1
661,2122,103476.52
662,2123,93453.3
663,2124,199778.0
664,2125,132594.76
665,2126,161187.06
666,2127,150039.92
667,2128,133383.76
668,2129,101521.46
669,2130,141910.94
670,2131,167129.64
671,2132,118784.0
672,2133,116720.18
673,2134,122834.5
674,2135,109915.28
675,2136,87278.0
676,2137,114966.2
677,2138,138611.0
678,2139,148780.74
679,2140,136516.0
680,2141,143780.74
681,2142,129537.0
682,2143,142288.74
683,2144,116524.72
684,2145,134523.0
685,2146,148137.66
686,2147,152538.0
687,2148,128558.0
688,2149,136407.0
689,2150,237341.38
690,2151,131823.0
691,2152,169542.0
692,2153,158849.0
693,2154,114601.0
694,2155,121554.68
695,2156,218238.0
696,2157,235060.0
697,2158,236480.0
698,2159,214346.0
699,2160,173389.54
700,2161,247029.06
701,2162,421506.22
702,2163,351331.92
703,2164,249041.14
704,2165,177941.8
705,2166,141679.5
706,2167,208226.76
707,2168,210710.0
708,2169,192754.7
709,2170,218794.5
710,2171,142011.66
711,2172,138044.0
712,2173,158071.44
713,2174,241285.18
714,2175,313680.48
715,2176,327335.4
716,2177,259318.26
717,2178,229172.24
718,2179,148174.0
719,2180,192635.72
720,2181,191914.66
721,2182,228376.0
722,2183,197446.84
723,2184,132562.5
724,2185,143150.86
725,2186,144106.74
726,2187,143642.0
727,2188,156419.1
728,2189,175387.16
729,2190,87898.0
730,2191,92226.16
731,2192,96687.44
732,2193,99289.0
733,2194,104196.0
734,2195,114414.16
735,2196,109300.6
736,2197,113084.02
737,2198,155389.8
738,2199,162674.0
739,2200,133652.5
740,2201,132375.5
741,2202,200868.24
742,2203,149470.64
743,2204,169486.0
744,2205,115605.52
745,2206,131868.6
746,2207,228832.1
747,2208,221892.0
748,2209,174644.44
749,2210,121726.0
750,2211,113966.24
751,2212,112648.0
752,2213,104528.0
753,2214,145219.44
754,2215,107614.0
755,2216,146614.1
756,2217,70919.94
757,2218,90568.6
758,2219,73327.74
759,2220,73496.3
760,2221,337519.72
761,2222,242531.72
762,2223,269448.4
763,2224,213057.8
764,2225,135136.62
765,2226,176170.0
766,2227,189311.2
767,2228,276749.9
768,2229,234435.94
769,2230,161166.42
770,2231,214853.68
771,2232,179051.0
772,2233,177884.0
773,2234,256952.68
774,2235,198670.0
775,2236,280558.36
776,2237,353502.54
777,2238,197413.94
778,2239,113622.0
779,2240,157634.0
780,2241,157914.24
781,2242,136466.4
782,2243,138703.8
783,2244,90140.0
784,2245,89753.0
785,2246,148485.0
786,2247,108616.0
787,2248,123380.0
788,2249,124990.0
789,2250,136379.0
790,2251,120050.0
791,2252,177343.0
792,2253,153050.88
793,2254,176686.64
794,2255,191160.0
795,2256,186078.28
796,2257,191548.8
797,2258,174342.5
798,2259,178944.0
799,2260,146901.0
800,2261,186389.12
801,2262,207357.12
802,2263,323440.94
803,2264,434014.5
804,2265,167766.28
805,2266,282851.48
806,2267,350651.62
807,2268,359522.78
808,2269,163443.38
809,2270,186168.68
810,2271,255344.12
811,2272,212114.0
812,2273,162816.0
813,2274,173972.74
814,2275,155903.0
815,2276,165676.0
816,2277,172943.0
817,2278,155018.16
818,2279,121886.0
819,2280,118987.32
820,2281,175330.32
821,2282,173221.88
822,2283,96118.0
823,2284,108670.16
824,2285,149459.6
825,2286,124971.26
826,2287,343911.22
827,2288,261486.7
828,2289,387498.7
829,2290,412286.42
830,2291,329484.86
831,2292,400448.9
832,2293,427731.38
833,2294,402956.86
834,2295,444448.26
835,2296,283220.84
836,2297,315740.52
837,2298,315509.86
838,2299,366583.98
839,2300,327655.28
840,2301,275734.78
841,2302,235738.96
842,2303,235889.14
843,2304,241338.66
844,2305,184167.82
845,2306,185831.6
846,2307,186201.04
847,2308,220187.2
848,2309,284610.26
849,2310,220544.14
850,2311,200738.62
851,2312,170491.5
852,2313,175217.2
853,2314,178619.38
854,2315,172729.92
855,2316,177686.14
856,2317,177789.9
857,2318,172787.9
858,2319,176668.94
859,2320,180595.8
860,2321,242573.8
861,2322,166538.7
862,2323,182129.56
863,2324,171058.6
864,2325,224960.26
865,2326,167419.1
866,2327,215780.0
867,2328,219339.7
868,2329,183056.0
869,2330,177484.04
870,2331,348949.4
871,2332,409034.9
872,2333,308949.8
873,2334,264414.78
874,2335,261265.26
875,2336,335752.64
876,2337,200131.44
877,2338,277996.34
878,2339,235426.04
879,2340,390230.88
880,2341,219292.86
881,2342,241388.66
882,2343,222158.08
883,2344,239516.52
884,2345,238994.88
885,2346,216280.28
886,2347,200093.42
887,2348,228058.76
888,2349,147244.66
889,2350,275494.66
890,2351,264950.06
891,2352,240047.44
892,2353,210267.0
893,2354,124737.8
894,2355,155338.56
895,2356,152026.0
896,2357,204623.4
897,2358,195486.5
898,2359,126030.66
899,2360,118894.6
900,2361,137691.2
901,2362,270052.56
902,2363,140556.0
903,2364,151043.74
904,2365,218292.36
905,2366,196259.24
906,2367,229391.6
907,2368,203142.76
908,2369,226850.76
909,2370,168750.0
910,2371,171662.64
911,2372,172070.2
912,2373,262390.04
913,2374,291112.02
914,2375,239400.88
915,2376,264257.24
916,2377,333358.22
917,2378,135271.0
918,2379,200693.0
919,2380,142722.0
920,2381,162811.0
921,2382,182187.7
922,2383,220381.0
923,2384,244560.92
924,2385,149863.0
925,2386,137564.0
926,2387,134274.0
927,2388,103752.18
928,2389,129466.0
929,2390,134747.5
930,2391,135351.2
931,2392,112187.04
932,2393,160701.52
933,2394,144963.0
934,2395,185434.64
935,2396,149669.0
936,2397,203004.0
937,2398,122722.0
938,2399,70087.66
939,2400,61437.54
940,2401,114107.0
941,2402,132049.5
942,2403,129922.62
943,2404,144512.0
944,2405,158473.0
945,2406,134158.0
946,2407,125383.86
947,2408,136996.18
948,2409,125496.0
949,2410,164472.0
950,2411,123200.0
951,2412,151366.0
952,2413,139346.0
953,2414,130993.0
954,2415,129725.48
955,2416,128957.0
956,2417,128237.1
957,2418,124075.0
958,2419,129244.1
959,2420,125613.2
960,2421,146129.0
961,2422,119439.0
962,2423,128934.8
963,2424,156825.36
964,2425,166645.06
965,2426,129744.36
966,2427,140829.24
967,2428,174281.0
968,2429,114961.16
969,2430,129557.0
970,2431,111278.5
971,2432,136843.0
972,2433,142575.2
973,2434,145688.0
974,2435,155804.0
975,2436,107047.66
976,2437,107985.3
977,2438,123846.0
978,2439,116719.42
979,2440,128610.0
980,2441,107424.46
981,2442,109145.0
982,2443,115502.0
983,2444,125834.08
984,2445,90801.06
985,2446,126674.1
986,2447,210745.16
987,2448,145734.68
988,2449,121196.08
989,2450,150895.0
990,2451,126118.42
991,2452,213200.0
992,2453,97850.36
993,2454,132409.5
994,2455,107090.08
995,2456,132571.68
996,2457,114122.0
997,2458,106839.68
998,2459,115809.0
999,2460,140198.68
1000,2461,120490.08
1001,2462,139696.8
1002,2463,123493.5
1003,2464,157193.12
1004,2465,133457.52
1005,2466,121553.86
1006,2467,152000.04
1007,2468,102146.48
1008,2469,94146.76
1009,2470,179389.16
1010,2471,200621.72
1011,2472,176928.0
1012,2473,115653.62
1013,2474,104898.72
1014,2475,225049.38
1015,2476,118400.08
1016,2477,131947.0
1017,2478,161850.0
1018,2479,116333.34
1019,2480,133969.74
1020,2481,118517.18
1021,2482,133466.2
1022,2483,116670.32
1023,2484,125564.66
1024,2485,123791.0
1025,2486,149452.0
1026,2487,183402.48
1027,2488,153934.8
1028,2489,150833.0
1029,2490,146713.0
1030,2491,91202.72
1031,2492,179150.0
1032,2493,140684.16
1033,2494,161291.22
1034,2495,103696.72
1035,2496,218975.4
1036,2497,147312.5
1037,2498,115846.52
1038,2499,96343.16
1039,2500,126672.7
1040,2501,132435.5
1041,2502,149808.5
1042,2503,98548.5
1043,2504,181321.74
1044,2505,218827.56
1045,2506,253179.72
1046,2507,317583.34
1047,2508,250958.3
1048,2509,224530.98
1049,2510,230236.52
1050,2511,187771.06
1051,2512,215323.36
1052,2513,221021.12
1053,2514,237734.52
1054,2515,144453.5
1055,2516,156356.26
1056,2517,128850.16
1057,2518,142765.0
1058,2519,230287.36
1059,2520,210220.26
1060,2521,195747.8
1061,2522,221002.36
1062,2523,133338.0
1063,2524,138200.18
1064,2525,142789.0
1065,2526,136208.0
1066,2527,111112.0
1067,2528,126038.66
1068,2529,133368.2
1069,2530,109179.0
1070,2531,244936.44
1071,2532,235155.52
1072,2533,198310.0
1073,2534,245899.18
1074,2535,309285.24
1075,2536,236705.9
1076,2537,231439.36
1077,2538,191558.24
1078,2539,188312.28
1079,2540,175906.44
1080,2541,186989.26
1081,2542,161573.76
1082,2543,130610.2
1083,2544,133679.0
1084,2545,128721.66
1085,2546,144411.0
1086,2547,143799.4
1087,2548,164828.14
1088,2549,155152.78
1089,2550,362916.08
1090,2551,143687.66
1091,2552,122379.32
1092,2553,90813.18
1093,2554,116739.28
1094,2555,113592.0
1095,2556,103117.64
1096,2557,117305.16
1097,2558,154138.68
1098,2559,139066.46
1099,2560,124933.08
1100,2561,139449.0
1101,2562,131433.5
1102,2563,139128.5
1103,2564,159604.9
1104,2565,121473.0
1105,2566,157397.3
1106,2567,131074.0
1107,2568,172065.0
1108,2569,191876.48
1109,2570,117836.0
1110,2571,160955.58
1111,2572,188720.06
1112,2573,241993.0
1113,2574,289374.26
1114,2575,128410.0
1115,2576,129352.0
1116,2577,160953.06
1117,2578,100285.68
1118,2579,78721.0
1119,2580,126455.16
1120,2581,133282.86
1121,2582,114543.86
1122,2583,280684.5
1123,2584,164728.94
1124,2585,173244.68
1125,2586,206774.56
1126,2587,207008.92
1127,2588,144943.66
1128,2589,143474.26
1129,2590,222230.0
1130,2591,209415.9
1131,2592,226026.56
1132,2593,253689.42
1133,2594,173677.82
1134,2595,210029.74
1135,2596,329708.84
1136,2597,179386.64
1137,2598,270740.14
1138,2599,328308.82
1139,2600,158589.18
1140,2601,133974.2
1141,2602,87966.0
1142,2603,88334.0
1143,2604,91510.0
1144,2605,88024.0
1145,2606,141863.8
1146,2607,178599.28
1147,2608,198933.0
1148,2609,164908.66
1149,2610,117958.0
1150,2611,151910.84
1151,2612,153222.42
1152,2613,126458.0
1153,2614,122862.98
1154,2615,148234.0
1155,2616,139912.5
1156,2617,171816.1
1157,2618,179612.0
1158,2619,236661.1
1159,2620,185530.0
1160,2621,182822.4
1161,2622,189726.7
1162,2623,257906.18
1163,2624,270464.96
1164,2625,314542.12
1165,2626,166892.44
1166,2627,191084.92
1167,2628,422791.08
1168,2629,574521.12
1169,2630,363310.26
1170,2631,446792.94
1171,2632,397818.3
1172,2633,308495.3
1173,2634,381207.56
1174,2635,148197.4
1175,2636,191405.06
1176,2637,162480.12
1177,2638,256419.98
1178,2639,175171.44
1179,2640,147387.0
1180,2641,107281.42
1181,2642,190840.0
1182,2643,108360.0
1183,2644,129756.74
1184,2645,97890.0
1185,2646,92540.0
1186,2647,97152.0
1187,2648,132761.0
1188,2649,139014.32
1189,2650,150475.8
1190,2651,155186.8
1191,2652,438551.82
1192,2653,253136.96
1193,2654,240516.58
1194,2655,356832.74
1195,2656,317831.94
1196,2657,322514.54
1197,2658,272526.3
1198,2659,311177.08
1199,2660,326788.26
1200,2661,337095.66
1201,2662,331850.84
1202,2663,268183.06
1203,2664,288745.28
1204,2665,320400.54
1205,2666,291934.68
1206,2667,170601.14
1207,2668,181003.0
1208,2669,176875.66
1209,2670,286301.1
1210,2671,182406.26
1211,2672,180457.34
1212,2673,202201.28
1213,2674,202881.98
1214,2675,169471.82
1215,2676,187701.32
1216,2677,198213.48
1217,2678,273701.88
1218,2679,275095.24
1219,2680,262262.0
1220,2681,411610.94
1221,2682,335093.76
1222,2683,523194.84
1223,2684,310378.76
1224,2685,331045.32
1225,2686,257547.82
1226,2687,326480.54
1227,2688,231003.34
1228,2689,210816.38
1229,2690,466979.84
1230,2691,190730.64
1231,2692,133299.3
1232,2693,194451.56
1233,2694,127669.5
1234,2695,189450.92
1235,2696,188246.8
1236,2697,191479.56
1237,2698,199216.0
1238,2699,181414.0
1239,2700,168999.74
1240,2701,149295.44
1241,2702,116731.68
1242,2703,145759.36
1243,2704,140410.0
1244,2705,130415.5
1245,2706,120123.0
1246,2707,119693.0
1247,2708,134222.5
1248,2709,116914.0
1249,2710,125258.66
1250,2711,283246.2
1251,2712,374499.08
1252,2713,180963.68
1253,2714,151125.28
1254,2715,172599.6
1255,2716,168688.24
1256,2717,177561.12
1257,2718,231499.56
1258,2719,151744.92
1259,2720,164442.44
1260,2721,140515.0
1261,2722,164708.0
1262,2723,145957.2
1263,2724,128709.0
1264,2725,134170.5
1265,2726,143622.0
1266,2727,178449.0
1267,2728,170258.0
1268,2729,156068.28
1269,2730,146301.0
1270,2731,119630.0
1271,2732,115625.42
1272,2733,160138.28
1273,2734,145055.0
1274,2735,138404.5
1275,2736,140015.46
1276,2737,124476.0
1277,2738,132786.68
1278,2739,158111.0
1279,2740,132273.0
1280,2741,145514.18
1281,2742,150972.5
1282,2743,153280.0
1283,2744,144827.5
1284,2745,136799.1
1285,2746,131014.5
1286,2747,153807.0
1287,2748,130996.0
1288,2749,127969.5
1289,2750,131977.0
1290,2751,126670.66
1291,2752,233834.34
1292,2753,151746.0
1293,2754,197537.36
1294,2755,132053.0
1295,2756,90940.96
1296,2757,75181.88
1297,2758,83300.0
1298,2759,150182.0
1299,2760,142595.74
1300,2761,142276.0
1301,2762,148411.5
1302,2763,199886.48
1303,2764,166162.52
1304,2765,261629.58
1305,2766,144359.84
1306,2767,93644.0
1307,2768,129956.32
1308,2769,125938.36
1309,2770,157906.02
1310,2771,120437.0
1311,2772,123167.0
1312,2773,136934.6
1313,2774,137387.46
1314,2775,137749.1
1315,2776,141270.0
1316,2777,150584.0
1317,2778,127655.0
1318,2779,122821.42
1319,2780,109403.8
1320,2781,107753.68
1321,2782,94229.0
1322,2783,107859.52
1323,2784,127353.0
1324,2785,137819.96
1325,2786,76313.66
1326,2787,117451.5
1327,2788,86254.0
1328,2789,215633.1
1329,2790,103549.32
1330,2791,120441.0
1331,2792,83135.6
1332,2793,165839.6
1333,2794,110712.0
1334,2795,115127.52
1335,2796,102185.6
1336,2797,194769.4
1337,2798,131798.86
1338,2799,115374.5
1339,2800,80146.08
1340,2801,113471.66
1341,2802,140224.0
1342,2803,155488.74
1343,2804,142538.82
1344,2805,97983.0
1345,2806,101103.52
1346,2807,153060.04
1347,2808,145791.0
1348,2809,135949.0
1349,2810,136299.0
1350,2811,162177.06
1351,2812,147469.6
1352,2813,155780.02
1353,2814,161534.38
1354,2815,96684.22
1355,2816,248618.44
1356,2817,138502.0
1357,2818,133695.0
1358,2819,185581.3
1359,2820,132503.5
1360,2821,101790.24
1361,2822,187727.96
1362,2823,230290.2
1363,2824,176255.1
1364,2825,152864.64
1365,2826,128540.0
1366,2827,145532.5
1367,2828,207936.64
1368,2829,168605.0
1369,2830,221760.5
1370,2831,195492.0
1371,2832,215736.96
1372,2833,282489.82
1373,2834,217135.1
1374,2835,223533.26
1375,2836,194956.5
1376,2837,164026.0
1377,2838,145164.0
1378,2839,182178.44
1379,2840,193104.0
1380,2841,209293.5
1381,2842,221306.44
1382,2843,153546.0
1383,2844,156237.48
1384,2845,125255.16
1385,2846,215407.96
1386,2847,195821.56
1387,2848,219563.36
1388,2849,216606.8
1389,2850,285066.7
1390,2851,233292.98
1391,2852,238184.22
1392,2853,243490.06
1393,2854,139382.0
1394,2855,202820.92
1395,2856,209219.26
1396,2857,192488.4
1397,2858,195719.96
1398,2859,143846.84
1399,2860,126145.2
1400,2861,123770.08
1401,2862,193287.88
1402,2863,119978.0
1403,2864,261288.4
1404,2865,140854.32
1405,2866,137055.8
1406,2867,97180.0
1407,2868,118211.86
1408,2869,124096.74
1409,2870,156711.42
1410,2871,108934.42
1411,2872,59290.1
1412,2873,107073.08
1413,2874,137113.84
1414,2875,116552.16
1415,2876,161273.0
1416,2877,144865.82
1417,2878,154371.04
1418,2879,152230.74
1419,2880,104894.08
1420,2881,149383.74
1421,2882,159473.48
1422,2883,168780.0
1423,2884,182362.2
1424,2885,172062.1
1425,2886,193450.0
1426,2887,102187.06
1427,2888,128226.0
1428,2889,63674.0
1429,2890,82866.52
1430,2891,138678.8
1431,2892,60075.76
1432,2893,111127.94
1433,2894,63262.3
1434,2895,324725.9
1435,2896,291987.12
1436,2897,196730.96
1437,2898,141860.58
1438,2899,236611.8
1439,2900,152972.74
1440,2901,184875.0
1441,2902,187854.1
1442,2903,343703.98
1443,2904,349841.98
1444,2905,111502.38
1445,2906,195876.5
1446,2907,118653.48
1447,2908,126896.0
1448,2909,137203.76
1449,2910,83100.0
1450,2911,87974.0
1451,2912,153759.8
1452,2913,89059.22
1453,2914,82246.0
1454,2915,85042.0
1455,2916,87975.22
1456,2917,155184.92
1457,2918,109864.0
1458,2919,237032.12
